-- Insert data into users table
INSERT INTO users (id, name, surname, email, password, role) VALUES
                                                                 (1, 'Jan', 'Novák', 'ardolf@koncepthk.cz', 'heslo123', 'hráč'),
                                                                 (2, 'Petr', 'Svoboda', 'petr.svoboda@example.com', 'heslo123', 'hráč'),
                                                                 (3, 'Marie', 'Dvořáková', 'marie.dvorakova@example.com', 'heslo123', 'hráč'),
                                                                 (4, 'Josef', 'Černý', 'josef.cerny@example.com', 'heslo123', 'hráč'),
                                                                 (5, 'Eva', 'Procházková', 'eva.prochazkova@example.com', 'heslo123', 'hráč'),
                                                                 (6, 'Martin', 'Kučera', 'martin.kucera@example.com', 'heslo123', 'hráč'),
                                                                 (7, 'Lucie', 'Veselá', 'lucie.vesela@example.com', 'heslo123', 'hráč'),
                                                                 (8, 'Tomáš', 'Horák', 'tomas.horak@example.com', 'heslo123', 'hráč'),
                                                                 (9, 'Anna', 'Němcová', 'anna.nemcova@example.com', 'heslo123', 'hráč'),
                                                                 (10, 'Marek', 'Pokorný', 'marek.pokorny@example.com', 'heslo123', 'hráč'),
                                                                 (11, 'Jana', 'Králová', 'jana.kralova@example.com', 'heslo123', 'hráč'),
                                                                 (12, 'Václav', 'Beneš', 'vaclav.benes@example.com', 'heslo123', 'hráč'),
                                                                 (13, 'Pavla', 'Fiala', 'pavla.fiala@example.com', 'heslo123', 'hráč'),
                                                                 (14, 'Radek', 'Krejčí', 'radek.krejci@example.com', 'heslo123', 'hráč'),
                                                                 (15, 'Tereza', 'Havlíčková', 'tereza.havlickova@example.com', 'heslo123', 'hráč'),
                                                                 (16, 'Michal', 'Růžička', 'michal.ruzicka@example.com', 'heslo123', 'hráč'),
                                                                 (17, 'Ivana', 'Žáková', 'ivana.zakova@example.com', 'heslo123', 'hráč'),
                                                                 (18, 'Jakub', 'Jelínek', 'jakub.jelinek@example.com', 'heslo123', 'hráč'),
                                                                 (19, 'Simona', 'Kolářová', 'simona.kolarova@example.com', 'heslo123', 'hráč'),
                                                                 (20, 'Zdeněk', 'Navrátil', 'zdenek.navratil@example.com', 'heslo123', 'hráč'),
                                                                 (21, 'Alena', 'Marešová', 'alena.maresova@example.com', 'heslo123', 'hráč'),
                                                                 (22, 'Roman', 'Sýkora', 'roman.sykora@example.com', 'heslo123', 'hráč'),
                                                                 (23, 'Helena', 'Urbanová', 'helena.urbanova@example.com', 'heslo123', 'hráč'),
                                                                 (24, 'David', 'Petr', 'david.petr@example.com', 'heslo123', 'hráč'),
                                                                 (25, 'Miloslav', 'Čech', 'miloslav.cech@example.com', 'heslo123', 'hráč');

-- Insert data into games table
INSERT INTO games (id, name, description, rules, max_players) VALUES
                                                                  (1, 'Šachy', 'Strategická desková hra', 'Standardní pravidla šachu', 2),
                                                                  (2, 'Poker', 'Karetní hra', 'Standardní pravidla pokeru', 10),
                                                                  (3, 'Monopoly', 'Desková hra o nemovitostech', 'Standardní pravidla Monopoly', 6),
                                                                  (4, 'Scrabble', 'Slovní hra', 'Standardní pravidla Scrabble', 4),
                                                                  (5, 'Catan', 'Hra o správě zdrojů', 'Standardní pravidla Catan', 4),
                                                                  (6, 'Risk', 'Strategická desková hra', 'Standardní pravidla Risk', 6),
                                                                  (7, 'Clue', 'Detektivní hra', 'Standardní pravidla Clue', 6),
                                                                  (8, 'Lodě', 'Námořní bojová hra', 'Standardní pravidla Lodě', 2),
                                                                  (9, 'Uno', 'Karetní hra', 'Standardní pravidla Uno', 10),
                                                                  (10, 'Codenames', 'Týmová slovní hra', 'Standardní pravidla Codenames', 8),
                                                                  (11, 'Dáma', 'Desková hra', 'Standardní pravidla Dáma', 2),
                                                                  (12, 'Bang!', 'Karetní hra', 'Standardní pravidla Bang!', 7),
                                                                  (13, 'Carcassonne', 'Desková hra o stavbě města', 'Standardní pravidla Carcassonne', 5),
                                                                  (14, 'Ticket to Ride', 'Desková hra o budování železnic', 'Standardní pravidla Ticket to Ride', 5),
                                                                  (15, 'Pandemic', 'Kooperativní desková hra', 'Standardní pravidla Pandemic', 4),
                                                                  (16, 'Dominion', 'Karetní hra', 'Standardní pravidla Dominion', 4),
                                                                  (17, '7 Wonders', 'Desková hra o budování civilizace', 'Standardní pravidla 7 Wonders', 7),
                                                                  (18, 'Agricola', 'Desková hra o farmářství', 'Standardní pravidla Agricola', 5),
                                                                  (19, 'Codenames: Pictures', 'Týmová hra s obrázky', 'Standardní pravidla Codenames: Pictures', 8),
                                                                  (20, 'Terra Mystica', 'Desková hra o budování světa', 'Standardní pravidla Terra Mystica', 5),
                                                                  (21, 'Mysterium', 'Kooperativní desková hra', 'Standardní pravidla Mysterium', 7),
                                                                  (22, 'Azul', 'Desková hra o stavbě mozaik', 'Standardní pravidla Azul', 4),
                                                                  (23, 'Gloomhaven', 'Kooperativní hra s dobrodružstvím', 'Standardní pravidla Gloomhaven', 4),
                                                                  (24, 'Splendor', 'Karetní hra o sbírání drahokamů', 'Standardní pravidla Splendor', 4),
                                                                  (25, 'Love Letter', 'Karetní hra', 'Standardní pravidla Love Letter', 4);

-- Insert data into tournaments table
INSERT INTO tournaments (id, title, date, location, type, status, game_id) VALUES
                                                                               (1, 'Šachový šampionát', '2025-01-10 10:00:00', 'The Room, Humpolec', 'šampionát', 'plánovaný', 1),
                                                                               (2, 'Pokerový turnaj', '2025-02-15T12:00:00', 'The Room, Pelhřimov', 'turnaj', 'plánovaný', 2),
                                                                               (3, 'Monopoly turnaj', '2025-03-20 14:00:00', 'The Room, Kamenice nad Lipou', 'turnaj', 'plánovaný', 3),
                                                                               (4, 'Scrabble souboj', '2025-04-25 16:00:00', 'The Room, Pelhřimov', 'souboj', 'plánovaný', 4),
                                                                               (5, 'Catan střetnutí', '2025-01-01 18:00:00', 'The Room, Humpolec', 'střetnutí', 'ukončený', 5),
                                                                               (6, 'Risk rumble', '2025-06-15 10:00:00', 'The Room, Kamenice nad Lipou', 'rumble', 'plánovaný', 6),
                                                                               (7, 'Clue dobyvatel', '2025-07-20 12:00:00', 'The Room, Pelhřimov', 'dobyvatel', 'plánovaný', 7),
                                                                               (8, 'Lodě bitva', '2025-08-25 14:00:00', 'The Room, Humpolec', 'bitva', 'plánovaný', 8),
                                                                               (9, 'Uno ultimátum', '2025-09-30 16:00:00', 'The Room, Pelhřimov', 'ultimátum', 'plánovaný', 9),
                                                                               (10, 'Codenames výzva', '2025-10-15 18:00:00', 'The Room, Pelhřimov', 'výzva', 'plánovaný', 10),
                                                                               (11, 'Dámový turnaj', '2025-11-10 10:00:00', 'The Room, Pelhřimov', 'turnaj', 'plánovaný', 11),
                                                                               (12, 'Bang! bitva', '2025-12-15 12:00:00', 'The Room, Kamenice nad Lipou', 'bitva', 'plánovaný', 12),
                                                                               (13, 'Carcassonne souboj', '2025-01-10 14:00:00', 'The Room, Pelhřimov', 'souboj', 'ukončený', 13),
                                                                               (14, 'Ticket to Ride turnaj', '2025-02-25 16:00:00', 'The Room, Pelhřimov', 'turnaj', 'plánovaný', 14),
                                                                               (15, 'Pandemic výzva', '2025-03-30 18:00:00', 'The Room, Humpolec', 'výzva', 'plánovaný', 15),
                                                                               (16, 'Dominion souboj', '2025-04-15 10:00:00', 'The Room, Pelhřimov', 'souboj', 'plánovaný', 16),
                                                                               (17, '7 Wonders turnaj', '2025-05-20 12:00:00', 'The Room, Kamenice nad Lipou', 'turnaj', 'plánovaný', 17),
                                                                               (18, 'Agricola střetnutí', '2025-06-25 14:00:00', 'The Room, Pelhřimov', 'střetnutí', 'plánovaný', 18),
                                                                               (19, 'Codenames: Pictures výzva', '2025-07-30 16:00:00', 'The Room, Pelhřimov', 'výzva', 'plánovaný', 19),
                                                                               (20, 'Terra Mystica turnaj', '2025-08-15 18:00:00', 'The Room, Kamenice nad Lipou', 'turnaj', 'plánovaný', 20),
                                                                               (21, 'Mysterium střetnutí', '2025-09-20 10:00:00', 'The Room, Humpolec', 'střetnutí', 'plánovaný', 21),
                                                                               (22, 'Azul výzva', '2025-10-25 12:00:00', 'The Room, Pelhřimov', 'výzva', 'plánovaný', 22),
                                                                               (23, 'Gloomhaven dobrodružství', '2025-11-30 14:00:00', 'The Room, Pelhřimov', 'dobrodružství', 'plánovaný', 23),
                                                                               (24, 'Splendor turnaj', '2025-12-10 16:00:00', 'The Room, Humpolec', 'turnaj', 'plánovaný', 24),
                                                                               (25, 'Love Letter výzva', '2025-01-05 18:00:00', 'The Room, Kamenice nad Lipou', 'výzva', 'ukončený', 25);

-- Insert data into results table
INSERT INTO results (id, player_id, tournament_id, position, score) VALUES
                                                                        (1, 1, 1, 1, 100),
                                                                        (2, 2, 1, 2, 90),
                                                                        (3, 3, 2, 1, 120),
                                                                        (4, 4, 2, 2, 110),
                                                                        (5, 5, 3, 1, 150),
                                                                        (6, 6, 3, 2, 140),
                                                                        (7, 7, 4, 1, 130),
                                                                        (8, 8, 4, 2, 120),
                                                                        (9, 9, 5, 1, 160),
                                                                        (10, 10, 5, 2, 150),
                                                                        (11, 11, 6, 1, 140),
                                                                        (12, 12, 6, 2, 130),
                                                                        (13, 13, 7, 1, 120),
                                                                        (14, 14, 7, 2, 110),
                                                                        (15, 15, 8, 1, 130),
                                                                        (16, 16, 8, 2, 120),
                                                                        (17, 17, 9, 1, 140),
                                                                        (18, 18, 9, 2, 130),
                                                                        (19, 19, 10, 1, 150),
                                                                        (20, 20, 10, 2, 140),
                                                                        (21, 21, 11, 1, 160),
                                                                        (22, 22, 11, 2, 150),
                                                                        (23, 23, 12, 1, 140),
                                                                        (24, 24, 12, 2, 130),
                                                                        (25, 25, 13, 1, 120);
-- Insert data into registrations table
INSERT INTO registrations (id, date, status, player_id, tournament_id) VALUES
                                                                           (1, '2025-01-01', 'POTVRZENO', 1, 1),
                                                                           (2, '2025-01-05', 'ČEKAJÍCÍ', 2, 1),
                                                                           (3, '2025-01-10', 'ZRUŠENO', 3, 2),
                                                                           (4, '2025-01-15', 'POTVRZENO', 4, 2),
                                                                           (5, '2025-01-20', 'ČEKAJÍCÍ', 5, 3),
                                                                           (6, '2025-01-25', 'ZRUŠENO', 6, 3),
                                                                           (7, '2025-02-01', 'POTVRZENO', 7, 4),
                                                                           (8, '2025-02-05', 'ČEKAJÍCÍ', 8, 4),
                                                                           (9, '2025-02-10', 'ZRUŠENO', 9, 5),
                                                                           (10, '2025-02-15', 'POTVRZENO', 10, 5),
                                                                           (11, '2025-02-20', 'ČEKAJÍCÍ', 11, 6),
                                                                           (12, '2025-02-25', 'ZRUŠENO', 12, 6),
                                                                           (13, '2025-03-01', 'POTVRZENO', 13, 7),
                                                                           (14, '2025-03-05', 'ČEKAJÍCÍ', 14, 7),
                                                                           (15, '2025-03-10', 'ZRUŠENO', 15, 8),
                                                                           (16, '2025-03-15', 'POTVRZENO', 16, 8),
                                                                           (17, '2025-03-20', 'ČEKAJÍCÍ', 17, 9),
                                                                           (18, '2025-03-25', 'ZRUŠENO', 18, 9),
                                                                           (19, '2025-04-01', 'POTVRZENO', 19, 10),
                                                                           (20, '2025-04-05', 'ČEKAJÍCÍ', 20, 10),
                                                                           (21, '2025-04-10', 'ZRUŠENO', 21, 11),
                                                                           (22, '2025-04-15', 'POTVRZENO', 22, 11),
                                                                           (23, '2025-04-20', 'ČEKAJÍCÍ', 23, 12),
                                                                           (24, '2025-04-25', 'ZRUŠENO', 24, 12),
                                                                           (25, '2025-05-01', 'POTVRZENO', 25, 13);